<?xml version="1.0" encoding="windows-1252" ?>
<!DOCTYPE ViewLink SYSTEM "jbo_03_01.dtd">
<!---->
<ViewLink
  xmlns="http://xmlns.oracle.com/bc4j"
  Name="DeptMgrFkLink"
  Version="11.1.2.62.74"
  EntityAssociation="oramag.marapr.thirteen.sample.model.bc.assoc.DeptMgrFkAssoc">
  <ViewLinkDefEnd
    Name="EmployeesView"
    Cardinality="1"
    Source="true"
    Owner="oramag.marapr.thirteen.sample.model.bc.views.EmployeesView">
    <DesignTime>
      <Attr Name="_finderName" Value="EmployeesView"/>
      <Attr Name="_isUpdateable" Value="true"/>
    </DesignTime>
    <AttrArray Name="Attributes">
      <Item Value="oramag.marapr.thirteen.sample.model.bc.views.EmployeesView.EmployeeId"/>
    </AttrArray>
  </ViewLinkDefEnd>
  <ViewLinkDefEnd
    Name="DepartmentsView"
    Cardinality="-1"
    Owner="oramag.marapr.thirteen.sample.model.bc.views.DepartmentsView">
    <DesignTime>
      <Attr Name="_finderName" Value="DepartmentsView"/>
      <Attr Name="_isUpdateable" Value="true"/>
    </DesignTime>
    <AttrArray Name="Attributes">
      <Item Value="oramag.marapr.thirteen.sample.model.bc.views.DepartmentsView.ManagerId"/>
    </AttrArray>
  </ViewLinkDefEnd>
</ViewLink>
