<?xml version="1.0" encoding="windows-1252" ?>
<adfc-config xmlns="http://xmlns.oracle.com/adf/controller" version="1.2">
  <task-flow-template id="btf-error-handler-template">
    <managed-bean id="__1">
      <managed-bean-name>AdfcSampleErrorHandler</managed-bean-name>
      <managed-bean-class>oramag.marapr.thirteen.adf.error.utils.sample.controller.AdfcSampleErrorHandlerImpl</managed-bean-class>
      <managed-bean-scope>request</managed-bean-scope>
    </managed-bean>
    <method-call id="BtfErrorHandler">
      <method>#{AdfcSampleErrorHandler.showAdfcErrorMessageInDialog}</method>
      <outcome>
        <fixed-outcome>NoOutcome</fixed-outcome>
      </outcome>
    </method-call>
    <use-page-fragments/>
  </task-flow-template>
</adfc-config>
