<?xml version="1.0" encoding="windows-1252" ?>
<adfc-config xmlns="http://xmlns.oracle.com/adf/controller" version="1.2">
  <view id="DeptEmp">
    <page>/pages/DeptEmp.jsf</page>
  </view>
 <method-call id="throwJboException">
    <method>#{bindings.throwJboException.execute}</method>
    <outcome>
      <fixed-outcome>throwJboException</fixed-outcome>
    </outcome>
  </method-call>
    <method-call id="throwOraMagApplicationException">
    <method>#{bindings.throwApplicationException.execute}</method>
    <outcome>
      <fixed-outcome>throwApplicationException</fixed-outcome>
    </outcome>
  </method-call>
  <control-flow-rule id="__1">
    <from-activity-id>DeptEmp</from-activity-id>
    <control-flow-case id="__2">
      <from-outcome>throwJboExcpetion</from-outcome>
      <to-activity-id>throwJboException</to-activity-id>
    </control-flow-case>
    <control-flow-case id="__3">
      <from-outcome>throwOraMagException</from-outcome>
      <to-activity-id>throwOraMagApplicationException</to-activity-id>
    </control-flow-case>
  </control-flow-rule>
</adfc-config>
