<?xml version="1.0" encoding="UTF-8" ?>
<pageDefinition xmlns="http://xmlns.oracle.com/adfm/uimodel" version="11.1.2.62.76" id="DeptEmpPageDef" Package="pages">
  <parameters/>
  <executables>
    <variableIterator id="variables"/>
    <iterator Binds="allDepartmentsWithEmployees" RangeSize="25" DataControl="AppModuleDataControl"
              id="allDepartmentsWithEmployeesIterator" ChangeEventPolicy="ppr"/>
    <taskFlow id="browseemployeestaskflow1"
              taskFlowId="/WEB-INF/bounded-tf/browse-employees-task-flow.xml#browse-employees-task-flow"
              activation="deferred" xmlns="http://xmlns.oracle.com/adf/controller/binding"/>
  </executables>
  <bindings>
    <attributeValues IterBinding="allDepartmentsWithEmployeesIterator" id="DepartmentId">
      <AttrNames>
        <Item Value="DepartmentId"/>
      </AttrNames>
    </attributeValues>
    <attributeValues IterBinding="allDepartmentsWithEmployeesIterator" id="DepartmentName">
      <AttrNames>
        <Item Value="DepartmentName"/>
      </AttrNames>
    </attributeValues>
    <attributeValues IterBinding="allDepartmentsWithEmployeesIterator" id="ManagerId">
      <AttrNames>
        <Item Value="ManagerId"/>
      </AttrNames>
    </attributeValues>
    <attributeValues IterBinding="allDepartmentsWithEmployeesIterator" id="LocationId">
      <AttrNames>
        <Item Value="LocationId"/>
      </AttrNames>
    </attributeValues>
    <action IterBinding="allDepartmentsWithEmployeesIterator" id="First" RequiresUpdateModel="true" Action="first"/>
    <action IterBinding="allDepartmentsWithEmployeesIterator" id="Previous" RequiresUpdateModel="true"
            Action="previous"/>
    <action IterBinding="allDepartmentsWithEmployeesIterator" id="Next" RequiresUpdateModel="true" Action="next"/>
    <action IterBinding="allDepartmentsWithEmployeesIterator" id="Last" RequiresUpdateModel="true" Action="last"/>
    <methodAction id="throwMultipleException" RequiresUpdateModel="true" Action="invokeMethod"
                  MethodName="throwMultipleException" IsViewObjectMethod="false" DataControl="AppModuleDataControl"
                  InstanceName="data.AppModuleDataControl.dataProvider"
                  ReturnName="data.AppModuleDataControl.methodResults.throwMultipleException_AppModuleDataControl_dataProvider_throwMultipleException_result"/>
  </bindings>
</pageDefinition>
