<?xml version="1.0" encoding="windows-1252" ?>
<adfc-config xmlns="http://xmlns.oracle.com/adf/controller" version="1.2">
  <task-flow-definition id="browse-employees-task-flow">
    <default-activity>browseEmployee</default-activity>
    <view id="browseEmployee">
      <page>/pageFragments/browseEmployee/browseEmployee.jsff</page>
    </view>
    <method-call id="throwJboException">
      <method>#{bindings.throwJboException.execute}</method>
      <outcome>
        <fixed-outcome>throwJboException</fixed-outcome>
      </outcome>
    </method-call>
    <method-call id="throwOraMagApplicationException">
      <method>#{bindings.throwApplicationException.execute}</method>
      <outcome>
        <fixed-outcome>throwApplicationException</fixed-outcome>
      </outcome>
    </method-call>
    <task-flow-call id="edit-employee-task-flow">
      <task-flow-reference>
        <document>/WEB-INF/bounded-tf/edit-employee-task-flow.xml</document>
        <id>edit-employee-task-flow</id>
      </task-flow-reference>
    </task-flow-call>
    <control-flow-rule id="__7">
      <from-activity-id>browseEmployee</from-activity-id>
      <control-flow-case id="__8">
        <from-outcome>throwOraMagException</from-outcome>
        <to-activity-id>throwOraMagApplicationException</to-activity-id>
      </control-flow-case>
      <control-flow-case id="__9">
        <from-outcome>throwJboExcpetion</from-outcome>
        <to-activity-id>throwJboException</to-activity-id>
      </control-flow-case>
      <control-flow-case id="__10">
        <from-outcome>editSelectedEmployee</from-outcome>
        <to-activity-id>edit-employee-task-flow</to-activity-id>
      </control-flow-case>
    </control-flow-rule>
    <control-flow-rule id="__5">
      <from-activity-id>edit-employee-task-flow</from-activity-id>
      <control-flow-case id="__6">
        <from-outcome>ReturnToParent</from-outcome>
        <to-activity-id>browseEmployee</to-activity-id>
      </control-flow-case>
    </control-flow-rule>
    <use-page-fragments/>
  </task-flow-definition>
</adfc-config>
