<?xml version="1.0" encoding="windows-1252" ?>
<adfc-config xmlns="http://xmlns.oracle.com/adf/controller" version="1.2">
  <task-flow-definition id="edit-employee-task-flow">
    <default-activity>editEmployee</default-activity>
    <view id="editEmployee">
      <page>/pageFragments/editEmployee/editEmployee.jsff</page>
    </view>
     <method-call id="throwJboException">
      <method>#{bindings.throwJboException.execute}</method>
      <outcome>
        <fixed-outcome>throwJboException</fixed-outcome>
      </outcome>
    </method-call>
    <method-call id="throwOraMagApplicationException">
      <method>#{bindings.throwApplicationException.execute}</method>
      <outcome>
        <fixed-outcome>throwApplicationException</fixed-outcome>
      </outcome>
    </method-call>
    <task-flow-return id="ReturnToParent">
      <outcome>
        <name>ReturnToParent</name>
      </outcome>
    </task-flow-return>
    <control-flow-rule id="__1">
      <from-activity-id>editEmployee</from-activity-id>
      <control-flow-case id="__2">
        <from-outcome>throwJboExcpetion</from-outcome>
        <to-activity-id>throwJboException</to-activity-id>
      </control-flow-case>
      <control-flow-case id="__3">
        <from-outcome>throwOraMagException</from-outcome>
        <to-activity-id>throwOraMagApplicationException</to-activity-id>
      </control-flow-case>
      <control-flow-case id="__4">
        <from-outcome>returnToParentTaskFlow</from-outcome>
        <to-activity-id>ReturnToParent</to-activity-id>
      </control-flow-case>
    </control-flow-rule>
    <use-page-fragments/>
  </task-flow-definition>
</adfc-config>
