<?xml version="1.0" encoding="UTF-8" ?>
<pageDefinition xmlns="http://xmlns.oracle.com/adfm/uimodel" version="11.1.2.62.76" id="editEmployeePageDef"
                Package="pageFragments.editEmployee">
  <parameters/>
  <executables>
    <variableIterator id="variables"/>
    <iterator Binds="employeesInDepartment" RangeSize="25" DataControl="AppModuleDataControl"
              id="employeesInDepartmentIterator"/>
  </executables>
  <bindings>
    <attributeValues IterBinding="employeesInDepartmentIterator" id="DepartmentId">
      <AttrNames>
        <Item Value="DepartmentId"/>
      </AttrNames>
    </attributeValues>
    <attributeValues IterBinding="employeesInDepartmentIterator" id="EmployeeId">
      <AttrNames>
        <Item Value="EmployeeId"/>
      </AttrNames>
    </attributeValues>
    <attributeValues IterBinding="employeesInDepartmentIterator" id="FirstName">
      <AttrNames>
        <Item Value="FirstName"/>
      </AttrNames>
    </attributeValues>
    <attributeValues IterBinding="employeesInDepartmentIterator" id="LastName">
      <AttrNames>
        <Item Value="LastName"/>
      </AttrNames>
    </attributeValues>
    <attributeValues IterBinding="employeesInDepartmentIterator" id="Email">
      <AttrNames>
        <Item Value="Email"/>
      </AttrNames>
    </attributeValues>
    <attributeValues IterBinding="employeesInDepartmentIterator" id="HireDate">
      <AttrNames>
        <Item Value="HireDate"/>
      </AttrNames>
    </attributeValues>
    <attributeValues IterBinding="employeesInDepartmentIterator" id="JobId">
      <AttrNames>
        <Item Value="JobId"/>
      </AttrNames>
    </attributeValues>
    <attributeValues IterBinding="employeesInDepartmentIterator" id="Salary">
      <AttrNames>
        <Item Value="Salary"/>
      </AttrNames>
    </attributeValues>
    <attributeValues IterBinding="employeesInDepartmentIterator" id="ManagerId">
      <AttrNames>
        <Item Value="ManagerId"/>
      </AttrNames>
    </attributeValues>
    <methodAction id="throwApplicationException" RequiresUpdateModel="true" Action="invokeMethod"
                  MethodName="throwApplicationException" IsViewObjectMethod="false" DataControl="AppModuleDataControl"
                  InstanceName="data.AppModuleDataControl.dataProvider"
                  ReturnName="data.AppModuleDataControl.methodResults.throwApplicationException_AppModuleDataControl_dataProvider_throwApplicationException_result"/>
    <action id="Commit" RequiresUpdateModel="true" Action="commitTransaction" DataControl="AppModuleDataControl"/>
  </bindings>
</pageDefinition>
