<?xml version="1.0" encoding="windows-1252" ?>
<adfc-config xmlns="http://xmlns.oracle.com/adf/controller" version="1.2">
  <exception-handler>UnboundedTaskFlowErrorHandler</exception-handler>
  <method-call id="UnboundedTaskFlowErrorHandler">
    <method>#{UnboundedTaskFlowErrorHandler.showAdfcErrorMessageInDialog}</method>
    <outcome>
      <fixed-outcome>noOutcome</fixed-outcome>
    </outcome>
  </method-call>
  <managed-bean id="__1">
    <managed-bean-name>UnboundedTaskFlowErrorHandler</managed-bean-name>
    <managed-bean-class>oramag.marapr.thirteen.unbounded.util.sample.view.UnboundedTaskFlowErrorHandler</managed-bean-class>
    <managed-bean-scope>request</managed-bean-scope>
  </managed-bean>
</adfc-config>
