<?xml version="1.0" encoding="UTF-8" ?>
<pageDefinition xmlns="http://xmlns.oracle.com/adfm/uimodel" version="11.1.2.62.76" id="browseEmployeePageDef"
                Package="pageFragments.browseEmployee">
  <parameters/>
  <executables>
    <variableIterator id="variables"/>
    <iterator Binds="employeesInDepartment" RangeSize="25" DataControl="AppModuleDataControl"
              id="employeesInDepartmentIterator"/>
  </executables>
  <bindings>
    <tree IterBinding="employeesInDepartmentIterator" id="employeesInDepartment">
      <nodeDefinition DefName="oramag.marapr.thirteen.sample.model.bc.views.EmployeesView"
                      Name="employeesInDepartment0">
        <AttrNames>
          <Item Value="DepartmentId"/>
          <Item Value="EmployeeId"/>
          <Item Value="FirstName"/>
          <Item Value="LastName"/>
          <Item Value="Email"/>
          <Item Value="HireDate"/>
          <Item Value="JobId"/>
          <Item Value="Salary"/>
          <Item Value="ManagerId"/>
        </AttrNames>
      </nodeDefinition>
    </tree>
    <methodAction id="throwApplicationException" RequiresUpdateModel="true" Action="invokeMethod"
                  MethodName="throwApplicationException" IsViewObjectMethod="false" DataControl="AppModuleDataControl"
                  InstanceName="data.AppModuleDataControl.dataProvider"
                  ReturnName="data.AppModuleDataControl.methodResults.throwApplicationException_AppModuleDataControl_dataProvider_throwApplicationException_result"/>
  </bindings>
</pageDefinition>
