<?xml version="1.0" encoding="windows-1252" ?>
<!DOCTYPE AppModule SYSTEM "jbo_03_01.dtd">
<!---->
<AppModule
  xmlns="http://xmlns.oracle.com/bc4j"
  Name="AppModule"
  Version="11.1.2.62.76"
  ClearCacheOnRollback="true"
  ComponentClass="oramag.marapr.thirteen.sample.model.bc.services.AppModuleImpl"
  ComponentInterface="oramag.marapr.thirteen.sample.model.bc.services.common.AppModule"
  ClientProxyName="oramag.marapr.thirteen.sample.model.bc.services.client.AppModuleClient">
  <DesignTime>
    <Attr Name="_isCodegen" Value="true"/>
  </DesignTime>
  <ViewUsage
    Name="allDepartmentsWithEmployees"
    ViewObjectName="oramag.marapr.thirteen.sample.model.bc.views.DepartmentsView">
    <ViewCriteriaUsage
      Name="DepartmentsWithEmployeesViewCriteria"
      FullName="oramag.marapr.thirteen.sample.model.bc.views.DepartmentsView.DepartmentsWithEmployeesViewCriteria"/>
  </ViewUsage>
  <ViewUsage
    Name="employeesInDepartment"
    ViewObjectName="oramag.marapr.thirteen.sample.model.bc.views.EmployeesView"/>
  <ViewLinkUsage
    Name="EmpDeptFkLink1"
    ViewLinkObjectName="oramag.marapr.thirteen.sample.model.bc.link.EmpDeptFkLink"
    SrcViewUsageName="oramag.marapr.thirteen.sample.model.bc.services.AppModule.allDepartmentsWithEmployees"
    DstViewUsageName="oramag.marapr.thirteen.sample.model.bc.services.AppModule.employeesInDepartment"
    Reversed="false"/>
  <ClientInterface>
    <Method
      Name="throwApplicationException"
      MethodName="throwApplicationException">
      <Return
        Type="void"/>
    </Method>
    <Method
      Name="throwJboException"
      MethodName="throwJboException">
      <Return
        Type="void"/>
    </Method>
    <Method
      Name="throwMultipleException"
      MethodName="throwMultipleException">
      <Return
        Type="void"/>
    </Method>
    <Method
      Name="throwNPE"
      MethodName="throwNPE">
      <Return
        Type="void"/>
    </Method>
  </ClientInterface>
</AppModule>
